gedung,lantai,ruang,kelompok,jumlah,watt,durasion,totalwatt,wattmonthly
WITEL,1,Ruang Satpam ,TV On,2,20,24,40,"19,200"
WITEL,1,Ruang Satpam ,Lampu ,5,12,10,60,"12,000"
WITEL,1,Gudang ,Lampu ,4,12,10,48,"9,600"
WITEL,1,Gudang ,CCTV ,1,12,24,12,"5,760"
WITEL,1,Gudang ,AC 1,1,800,24,800,"384,000"
WITEL,1,Gudang ,Switch ,1,24,24,24,"11,520"
WITEL,1,Gudang ,Toa,1,10,10,10,"2,000"
WITEL,1,Gudang ,Exhaust ,2,45,24,90,"43,200"
WITEL,1,Gudang ,Telephone ,1,5,24,5,"2,400"
WITEL,1,Gudang ,Router ,1,18,24,18,"8,640"
WITEL,1,Gudang ,Socket ,6,0,0,0,  - 
WITEL,1,Gudang ,Ventilasi ,1,0,0,0,  - 
WITEL,1,Gudang ,Kran Air ,1,0,0,0,  - 
WITEL,1,Parkir Motor Depan ,Lampu ,40,12,13,480,"124,800"
WITEL,1,Equalizing ,Lampu ,1,16,24,16,"7,680"
WITEL,1,Equalizing ,CCTV ,2,12,24,24,"11,520"
WITEL,1,Equalizing ,Kipas Angin ,1,75,10,75,"15,000"
WITEL,1,Equalizing ,Exhaust ,1,45,10,45,"9,000"
WITEL,1,Equalizing ,Socket ,6,0,0,0,  - 
WITEL,1,Equalizing ,Ventilasi ,1,0,0,0,  - 
WITEL,1,Pompa Air ,Pompa Air ,8,250,12,2000,"480,000"
WITEL,1,Pompa Air ,Lampu ,16,18,10,288,"57,600"
WITEL,1,Pompa Air ,CCTV ,2,12,24,24,"11,520"
WITEL,1,Pompa Air ,Exhaust ,2,45,10,90,"18,000"
WITEL,1,Pompa Air ,Socket ,4,0,0,0,  - 
WITEL,1,Pompa Air ,Ventilasi ,1,0,0,0,  - 
WITEL,1,Ruang workshop ,Lampu ,2,18,10,36,"7,200"
WITEL,1,Ruang workshop ,Kipas Angin ,1,45,10,45,"9,000"
WITEL,1,Ruang workshop ,AC 2,1,1800,10,1800,"360,000"
WITEL,1,Ruang workshop ,PC/Laptop ,1,65,10,65,"13,000"
WITEL,1,Ruang workshop ,Dispenser ,1,300,10,300,"60,000"
WITEL,1,Ruang workshop ,Socket ,6,0,0,0,  - 
WITEL,1,Ruang workshop ,Ventilasi ,1,0,0,0,  - 
WITEL,1,Pool KBM ,Printer ,2,500,10,1000,"200,000"
WITEL,1,Pool KBM ,Dispenser ,1,380,24,380,"182,400"
WITEL,1,Pool KBM ,Kulkas ,1,80,24,80,"38,400"
WITEL,1,Pool KBM ,Pemanas Air ,1,300,10,300,"60,000"
WITEL,1,Pool KBM ,TV On,1,20,24,20,"9,600"
WITEL,1,Pool KBM ,PC/Laptop ,2,65,24,130,"62,400"
WITEL,1,Pool KBM ,Lampu ,6,18,10,108,"21,600"
WITEL,1,Pool KBM ,CCTV ,1,12,24,12,"5,760"
WITEL,1,Pool KBM ,AC 2,2,1800,24,3600,"1,728,000"
WITEL,1,Pool KBM ,Vending Machine ,1,1800,24,1800,"864,000"
WITEL,1,Pool KBM ,Socket ,26,0,0,0,  - 
WITEL,1,Pool KBM ,Lampu ,10,18,10,180,"36,000"
WITEL,1,Pool KBM ,Exhaust ,2,170,24,340,"163,200"
WITEL,1,Pool KBM ,Equalizing ,2,4000,24,8000,"3,840,000"
WITEL,1,Pool KBM ,Socket ,2,0,0,0,  - 
WITEL,1,Pool KBM ,Ventilasi ,1,0,0,0,  - 
WITEL,1,Pool KBM ,Lampu ,1,100,12,100,"24,000"
WITEL,1,Lobby ,Aquarium ,1,5,24,5,4
WITEL,1,Lobby ,Vending Machine ,1,2300,24,2300,"1,656"
WITEL,1,Lobby ,TV Stand By ,1,145,10,145,29
WITEL,1,Lobby ,PC/Laptop ,1,65,10,65,13
WITEL,1,Lobby ,PC/Laptop ,1,65,10,65,13
WITEL,1,Lobby ,Socket,35,0,24,0,0
WITEL,1,SAS ,Printer,3,240,24,720,518
WITEL,1,SAS ,Dispenser,1,400,10,400,80
WITEL,1,SAS ,Kulkas,1,80,24,80,58
WITEL,1,SAS ,Lampu,2,5,24,10,7
WITEL,1,SAS ,Server ,1,850,24,850,612
WITEL,1,SAS ,AC 2 PK,2,1400,24,2800,"2,016"
WITEL,1,SAS ,AC 1 PK,2,840,24,1680,"1,210"
WITEL,1,SAS ,TV On ,5,55,24,275,198
WITEL,1,SAS ,PC/Laptop ,2,65,24,130,94
WITEL,1,SAS ,Telephone ,1,8,24,8,6
WITEL,1,SAS ,Socket,38,0,24,0,0
WITEL,1,DBS ,Printer,4,500,24,2000,"1,440"
WITEL,1,DBS ,Set Top Box,1,5,9,5,1
WITEL,1,DBS ,TV Stand By ,1,145,2,145,6
WITEL,1,DBS ,AC 1 PK,1,850,10,850,170
WITEL,1,DBS ,AC 2 PK,1,1800,10,1800,360
WITEL,1,DBS ,AC 2 PK,1,1800,10,1800,360
WITEL,1,DBS ,Lampu,1,6,24,6,4
WITEL,1,DBS ,TV Stand By ,1,12,24,12,9
WITEL,1,DBS ,Router ,3,18,24,54,39
WITEL,1,DBS ,Speaker ,1,55,24,55,40
WITEL,1,DBS ,Microphone ,2,15,2,30,1
WITEL,1,DBS ,Microphone ,1,15,2,15,1
WITEL,1,DBS ,PC/Laptop ,5,65,10,325,65
WITEL,1,DBS ,Mixer Audio ,1,21,24,21,15
WITEL,1,DBS ,Switch TP Link ,1,30,24,30,22
WITEL,1,DBS ,Microwave,1,800,0.67,800,11
WITEL,1,DBS ,Pemanas air ,1,600,0.67,600,8
WITEL,1,DBS ,Panci Electric ,1,600,0.67,600,8
WITEL,1,DBS ,Kulkas,1,110,24,110,79
WITEL,1,DBS ,Router ,1,18,24,18,13
WITEL,1,DBS ,Socket,45,0,24,0,0
WITEL,1,Pantry DBS,Lampu,5,6,24,30,22
WITEL,1,Pantry DBS,Exhaust,1,45,10,45,9
WITEL,1,Pantry DBS,Kipas Angin,1,50,10,50,10
WITEL,1,Pantry DBS,Kulkas,1,80,0,80,0
WITEL,1,Pantry DBS,Dispenser,1,350,24,350,252
WITEL,1,Pantry DBS,PC/Laptop ,2,65,10,130,26
WITEL,1,Pantry DBS,Router ,1,18,24,18,13
WITEL,1,Pantry DBS,Aquarium ,1,5,0,5,0
WITEL,1,Pantry DBS,Socket,18,0,24,0,0
WITEL,1,Ruang P3K,Lampu,5,6,24,30,22
WITEL,1,Ruang P3K,AC 2 PK,1,1300,10,1300,260
WITEL,1,Ruang P3K,Socket,2,0,24,0,0
WITEL,1,Ruang P2Tel,Lampu,2,8,24,16,12
WITEL,1,Ruang P2Tel,AC 2 PK,1,1800,24,1800,"1,296"
WITEL,1,Ruang P2Tel,Socket,3,0,24,0,0
WITEL,1,Indibizz,Proyektor ,1,203,24,203,146
WITEL,1,Indibizz,TV Stand By ,2,55,10,110,22
WITEL,1,Indibizz,Socket,14,0,24,0,0
WITEL,1,Toilet Pria,Lampu,4,8,24,32,23
WITEL,1,Toilet Pria,Lampu,27,16,24,432,311
WITEL,1,Toilet Pria,Exhaust,2,20,24,40,29
WITEL,1,Toilet Pria,Kran Air ,6,0,24,0,0
WITEL,1,Toilet Pria,Lampu,40,18,10,720,144
WITEL,1,Toilet wanita,Lampu,4,18,10,72,14
WITEL,1,Toilet wanita,Exhaust,2,20,24,40,29
WITEL,1,Toilet wanita,Socket,2,0,24,0,0
WITEL,1,Toilet wanita,Kran Air ,6,0,24,0,0
WITEL,1,Toilet Pria Smaping Lift,Lampu,4,18,10,72,14
WITEL,1,Toilet Pria Smaping Lift,Exhaust,1,45,24,45,32
WITEL,1,Toilet Pria Smaping Lift,Kran Air ,6,0,24,0,0
WITEL,1,Toilet Wanita Samping Lift,Lampu,2,18,10,36,7
WITEL,1,Toilet Wanita Samping Lift,Exhaust,1,45,24,45,32
WITEL,1,Toilet Wanita Samping Lift,Kran Air ,5,0,24,0,0
WITEL,2,Lobby ,PC/Laptop,1,65,9,65,11.7
WITEL,2,Lobby ,Lampu ,50,5,10,250,50
WITEL,2,Lobby ,Socket ,10,0,24,0,0
WITEL,2,DGM ,AC 2 PK ,1,1800,10,1800,360
WITEL,2,DGM ,Proyektor ,1,203,24,203,97.44
WITEL,2,DGM ,Kulkas,1,90,24,90,43.2
WITEL,2,DGM ,Lampu ,14,6,10,84,16.8
WITEL,2,DGM ,Socket ,6,0,24,0,0
WITEL,2,GM,Printer ,1,500,10,500,100
WITEL,2,GM,Dispenser ,1,485,10,485,97
WITEL,2,GM,TV Stand by ,1,135,2,135,5.4
WITEL,2,GM,AC 2 PK ,1,1524,10,1524,304.8
WITEL,2,GM,Keyboard Electric ,1,9,10,9,1.8
WITEL,2,GM,Modem ,1,18,24,18,8.64
WITEL,2,GM,Water Heater ,1,1200,10,1200,240
WITEL,2,GM,Lampu ,26,18,10,468,93.6
WITEL,2,GM,Socket ,10,-,24,#VALUE!,#VALUE!
WITEL,2,Ruang Rapat Kecil,TV Stand by ,1,135,2,135,5.4
WITEL,2,Ruang Rapat Kecil,AC 2 PK ,1,1700,10,1700,340
WITEL,2,Ruang Rapat Kecil,Lampu ,12,18,10,216,43.2
WITEL,2,Ruang Rapat Kecil,Socket ,8,-,24,#VALUE!,#VALUE!
WITEL,2,Ruang Tamu ,Aquarium ,1,30,24,30,14.4
WITEL,2,Ruang Tamu ,Lampu ,31,18,10,558,111.6
WITEL,2,Ruang Tamu ,Socket ,6,-,-,#VALUE!,#VALUE!
WITEL,2,Ruang Rapat Besar,Speaker ,4,600,10,2400,480
WITEL,2,Ruang Rapat Besar,Camera ,1,-,10,#VALUE!,#VALUE!
WITEL,2,Ruang Rapat Besar,Proyektor ,1,130,10,130,26
WITEL,2,Ruang Rapat Besar,PC/Laptop,1,65,10,65,13
WITEL,2,Ruang Rapat Besar,Lampu ,21,18,10,378,75.6
WITEL,2,Ruang Rapat Besar,Socket ,30,0,-,0,#VALUE!
WITEL,2,Ruang. Makan ,Dispenser ,1,400,10,400,80
WITEL,2,Ruang. Makan ,Kulkas,1,80,24,80,38.4
WITEL,2,Ruang. Makan ,Pemanas Air ,1,950,1,950,19
WITEL,2,Ruang. Makan ,Mesin Kopi ,1,800,4,800,64
WITEL,2,Ruang. Makan ,Kompor Listrik ,1,1000,10,1000,200
WITEL,2,Ruang. Makan ,Setrika ,1,1000,10,1000,200
WITEL,2,Ruang. Makan ,Microwave ,1,800,4,800,64
WITEL,2,Ruang. Makan ,Lampu ,25,18,9,450,81
WITEL,2,Ruang. Makan ,Socket ,6,0,-,0,#VALUE!
WITEL,2,Ruang Gen Y ,TV Stand by ,1,220,2,220,8.8
WITEL,2,Ruang Gen Y ,TV Stand by ,1,260,2,260,10.4
WITEL,2,Ruang Gen Y ,Telephone ,1,8,,8,0
WITEL,2,Ruang Gen Y ,PC/Laptop,1,65,10,65,13
WITEL,2,Ruang Gen Y ,PC/Laptop,1,200,2,200,8
WITEL,2,Ruang Gen Y ,Printer ,1,500,24,500,240
WITEL,2,Ruang Gen Y ,Printer ,2,500,10,1000,200
WITEL,2,Ruang Gen Y ,AC 1 PK ,2,700,10,1400,280
WITEL,2,Ruang Gen Y ,Router ,3,18,24,54,25.92
WITEL,2,Ruang Gen Y ,DVD Player ,1,240,10,240,48
WITEL,2,Ruang Gen Y ,Treadmill,2,2300,10,4600,920
WITEL,2,Ruang Gen Y ,Lampu ,22,18,9,396,71.28
WITEL,2,Ruang Gen Y ,Socket ,36,0,-,0,#VALUE!
WITEL,2,Pantry ,Lampu ,1,18,10,18,3.6
WITEL,2,Pantry ,Pemanas Air ,1,600,0.25,600,3
WITEL,2,Pantry ,Exhaust ,1,100,0,100,0
WITEL,2,Pantry ,Lampu ,1,18,10,18,3.6
WITEL,2,Pantry ,Kran Air ,1,1,24,1,0.48
WITEL,2,Pantry ,Socket ,6,0,24,0,0
WITEL,2,Koridor ,Lampu ,6,18,10,108,21.6
WITEL,2,Koridor ,Lampu ,1,18,9,18,3.24
WITEL,2,Koridor ,Lift ,0,2000,10,0,0
WITEL,2,Koridor ,CCTV ,2,9.6,24,19.2,9.216
WITEL,2,Koridor ,Socket ,2,0,24,0,0
WITEL,2,Kamar mandi pria,Lampu ,2,18,9,36,6.48
WITEL,2,Kamar mandi pria,Emergency Lamp ,2,18,0,36,0
WITEL,2,Kamar mandi pria,Exhaust ,2,20,10,40,8
WITEL,2,Kamar mandi wanita ,Lampu ,1,18,9,18,3.24
WITEL,2,Kamar mandi wanita ,Lampu ,4,18,10,72,14.4
WITEL,2,Kamar mandi wanita ,Exhaust ,2,20,10,40,8
OPMC,2,War Room ,Printer ,2,500,10,1000,200
OPMC,2,War Room ,Dispenser ,1,400,10,400,80
OPMC,2,War Room ,TV Stand by ,1,135,2,135,5.4
OPMC,2,War Room ,Kulkas ,1,60,24,60,28.8
OPMC,2,War Room ,Microwave ,1,800,24,800,384
OPMC,2,War Room ,AC 2 PK ,1,1200,10,1200,240
OPMC,2,War Room ,Penghancur Kertas ,1,460,2,460,18.4
OPMC,2,War Room ,Lampu ,12,18,10,216,43.2
OPMC,2,War Room ,Socket ,45,0,24,0,0
OPMC,2,Ruang Fosikatel,Socket ,8,0,-,0,#VALUE!
OPMC,2,Ruang Fosikatel,Kulkas ,1,80,24,80,38.4
OPMC,2,Ruang Fosikatel,Lampu ,4,18,10,72,14.4
OPMC,2,Ruang WAN ,AC 2 PK ,4,1800,9,7200,1296
OPMC,2,Ruang WAN ,TV Stand by ,1,216,2,216,8.64
OPMC,2,Ruang WAN ,Dispenser ,2,485,9,970,174.6
OPMC,2,Ruang WAN ,Kulkas ,2,110,24,220,105.6
OPMC,2,Ruang WAN ,PC/Laptop,8,65,9,520,93.6
OPMC,2,Ruang WAN ,PC/Laptop,4,300,10,1200,240
OPMC,2,Ruang WAN ,Rice Cooker ,1,400,5,400,40
OPMC,2,Ruang WAN ,Set Top Box ,1,5,9,5,0.9
OPMC,2,Ruang WAN ,Printer ,2,500,10,1000,200
OPMC,2,Ruang WAN ,Lampu ,30,18,10,540,108
OPMC,2,Ruang WAN ,Socket ,13,0,24,0,0
OPMC,2,Ruang Business Service,TV Stand by ,1,216,2,216,8.64
OPMC,2,Ruang Business Service,AC 2 PK ,2,1800,9,3600,648
OPMC,2,Ruang Business Service,AC 1 PK ,1,850,9,850,153
OPMC,2,Ruang Business Service,Lampu ,2,18,9,36,6.48
OPMC,2,Ruang Business Service,Socket ,68,0,24,0,0
OPMC,2,Ruang Pantry belakang opmc,Lampu ,2,18,1,36,0.72
OPMC,2,Ruang Pantry belakang opmc,Kipas Angin ,1,35,5,35,3.5
OPMC,2,Ruang Pantry belakang opmc,Kran Air ,1,0,24,0,0
OPMC,2,Ruang Pantry belakang opmc,PC/Laptop,1,65,9,65,11.7
OPMC,2,Ruang Pantry belakang opmc,Pemanas Air ,1,600,15,600,180
OPMC,2,Ruang Pantry belakang opmc,Socket ,4,0,24,0,0
OPMC,2,Ruang Gudang WAN,Lampu ,1,20,10,20,4
OPMC,2,Ruang Gudang WAN,PC/Laptop,2,65,9,130,23.4
OPMC,2,Ruang Gudang WAN,Exhaust ,1,20,10,20,4
OPMC,2,Ruang Gudang WAN,Kipas Angin ,1,35,5,35,3.5
OPMC,2,Ruang Gudang WAN,Socket ,13,0,24,0,0
WITEL,3,Digi Lab,Sound System ,1,600,9,600,108
WITEL,3,Digi Lab,TV Stand by,1,55,9,55,9.9
WITEL,3,Toilet Pria ,Lampu ,6,10,10,60,12
WITEL,3,Toilet Pria ,PC/Laptop ,2,65,9,130,23.4
WITEL,3,Toilet Pria ,PC/Laptop ,1,65,12,65,15.6
WITEL,3,Toilet Pria ,Socket,26,0,24,0,0
WITEL,3,Ruang CC,PC/Laptop ,4,65,9,260,46.8
WITEL,3,Ruang CC,Printer,1,300,9,300,54
WITEL,3,Ruang CC,Kulkas ,1,80,9,80,14.4
WITEL,3,Ruang CC,Pemanas Air ,1,350,9,350,63
WITEL,3,Ruang CC,Kipas Angin ,1,50,9,50,9
WITEL,3,Ruang CC,Modem ,5,18,24,90,64.8
WITEL,3,Ruang CC,Telephone ,7,3,24,21,15.12
WITEL,3,Ruang CC,Mini Rack Server ,1,240,24,240,172.8
WITEL,3,Toilet Wanita,Lampu ,4,10,10,40,8
WITEL,3,Toilet Wanita,Socket,81,0,24,0,0
WITEL,3,HR,TV Stand by,1,150,9,150,27
WITEL,3,HR,Kulkas ,1,80,24,80,57.6
WITEL,3,HR,Dispenser,2,350,9,700,126
WITEL,3,HR,Printer,2,220,9,440,79.2
WITEL,3,HR,Lampu ,12,18,9,216,38.88
WITEL,3,HR,Socket,18,0,24,0,0
WITEL,3,HR,Ventilasi ,1,0,0,0,0
WITEL,3,Manager CC,Kulkas ,1,80,24,80,57.6
WITEL,3,Manager CC,Modem ,1,18,24,18,12.96
WITEL,3,Manager CC,TV Stand by,1,150,9,150,27
WITEL,3,Manager CC,Lampu ,17,18,10,306,61.2
WITEL,3,Manager CC,Socket,10,0,24,0,0
WITEL,3,Rapat CC,Kulkas ,1,80,24,80,57.6
WITEL,3,Rapat CC,Modem ,1,18,24,18,12.96
WITEL,3,Rapat CC,Lampu ,14,18,9,252,45.36
WITEL,3,Rapat CC,Socket,26,0,24,0,0
WITEL,3,Rapat HR ,Proyektor,1,180,9,180,32.4
WITEL,3,Rapat HR ,TV Stand by,1,150,9,150,27
WITEL,3,Rapat HR ,Lampu ,2,18,9,36,6.48
WITEL,3,Rapat HR ,Socket,6,0,24,0,0
WITEL,3,Rapat HR ,Lampu ,8,18,9,144,25.92
WITEL,3,Rapat HR ,Kran Air ,10,0,0,0,0
WITEL,3,Rapat HR ,Exhaust ,1,45,10,45,9
WITEL,3,Rapat HR ,Lampu ,14,18,9,252,45.36
WITEL,3,Rapat HR ,Kran Air ,3,0,0,0,0
WITEL,3,Rapat HR ,Exhaust ,1,45,10,45,9
WITEL,3,Rapat HR ,Socket,2,0,24,0,0
WITEL,3,Rapat HR ,Emergency Lamp ,1,18,0,18,0
WITEL,3,Rapat HR ,Lampu ,90,18,10,1620,324
WITEL,3,Rapat HR ,Lift ,0,2000,10,0,0
WITEL,3,Rapat HR ,CCTV,2,9.6,24,19.2,13.824
WITEL,3,Rapat HR ,Socket ,0,0,24,0,0
OPMC,3,Masjid ,Jam Digital ,1,40,24,40,28.8
OPMC,3,Masjid ,Lampu ,30,18,0,540,0
OPMC,3,Masjid ,Lampu ,2,18,10,36,7.2
OPMC,3,Masjid ,AC 2 PK ,4,1800,10,7200,1440
OPMC,3,Masjid ,Showcase ,1,220,0,220,0
OPMC,3,Masjid ,Proyektor,1,130,0,130,0
OPMC,3,Masjid ,Socket,14,0,24,0,0
OPMC,3,Masjid ,Ventilasi ,2,0,0,0,0
OPMC,3,DKM ,Sound System ,1,600,10,600,120
OPMC,3,Tempat wudhu Pria,Lampu ,2,18,10,36,7.2
OPMC,3,Tempat wudhu Pria,Socket,4,0,24,0,0
OPMC,3,Tempat wudhu Pria,Lampu ,2,18,10,36,7.2
OPMC,3,Tempat wudhu Pria,Kran Air ,12,0,10,0,0
OPMC,3,Koridor Witel OPMC,Lampu ,12,20,24,240,172.8
OPMC,3,Koridor Witel OPMC,Kran Air ,3,0,10,0,0
WITEL,4,Ruang Arnet,TV Stand by ,2,150,10,300,60
WITEL,4,Ruang Arnet,PC/Laptop ,6,65,10,390,78
WITEL,4,Ruang Arnet,Printer ,2,300,10,600,120
WITEL,4,Ruang Arnet,Dispenser ,1,180,10,180,36
WITEL,4,Ruang Arnet,Kulkas ,1,80,24,80,58
WITEL,4,Ruang Arnet,Modem ,4,18,24,72,52
WITEL,4,Ruang Arnet,Lampu ,6,10,10,60,12
WITEL,4,Ruang Arnet,Socket ,59,0,24,0,0
WITEL,4,Ruang Arnet,Ventilasi,1,0,0,0,0
WITEL,4,Ruang HR,TV Stand by ,1,80,10,80,16
WITEL,4,Ruang HR,TV Stand by ,1,150,10,150,30
WITEL,4,Ruang HR,Set Top Box ,2,5,10,10,2
WITEL,4,Ruang HR,PC/Laptop ,2,65,10,130,26
WITEL,4,Ruang HR,Kulkas ,1,80,24,80,58
WITEL,4,Ruang HR,Printer ,2,300,10,600,120
WITEL,4,Ruang HR,Dispenser ,1,180,10,180,36
WITEL,4,Ruang HR,Pemanas Air ,1,300,10,300,60
WITEL,4,Ruang HR,Rice Cooker ,1,200,10,200,40
WITEL,4,Ruang HR,AC 2 PK ,1,1800,10,1800,360
WITEL,4,Ruang HR,PC/Laptop ,1,65,10,65,13
WITEL,4,Ruang HR,Modem ,4,18,24,72,52
WITEL,4,Ruang HR,Lampu ,4,10,10,40,8
WITEL,4,Ruang HR,Socket ,18,0,24,0,0
WITEL,4,Ruang Big Box,PC/Laptop ,45,65,9,2925,527
WITEL,4,Ruang Big Box,TV Stand by ,3,150,9,450,81
WITEL,4,Ruang Big Box,Dispenser ,3,350,9,1050,189
WITEL,4,Ruang Big Box,Kulkas ,1,130,24,130,94
WITEL,4,Ruang Big Box,Lampu ,52,18,10,936,187
WITEL,4,Ruang Big Box,PC/Laptop ,1,65,24,65,47
WITEL,4,Ruang Big Box,Lampu ,22,18,10,396,79
WITEL,4,Ruang Big Box,Face Recognition ,1,60,10,60,12
WITEL,4,Ruang Big Box,Socket ,145,0,24,0,0
WITEL,4,Ruang Big Box,Ventilasi,1,0,0,0,0
WITEL,4,Rapat Arnet ,Proyektor ,1,130,9,130,23
WITEL,4,Rapat Arnet ,Lampu ,1,18,24,18,13
WITEL,4,Rapat Arnet ,Socket ,27,0,24,0,0
WITEL,4,Manager Arnet ,TV Stand by ,1,80,9,80,14
WITEL,4,Manager Arnet ,Kulkas ,1,80,24,80,58
WITEL,4,Manager Arnet ,PC/Laptop ,1,65,9,65,12
WITEL,4,Manager Arnet ,Lampu ,34,18,9,612,110
WITEL,4,Manager Arnet ,Socket ,15,0,24,0,0
OPMC,4,WOC ,PC/Laptop ,40,65,10,2600,520
OPMC,4,WOC ,AC 2 PK ,7,1300,10,9100,"1,820"
OPMC,4,WOC ,Kipas Angin ,1,50,10,50,10
OPMC,4,WOC ,TV Stand by ,4,150,10,600,120
OPMC,4,WOC ,Telephone ,10,8,24,80,58
OPMC,4,WOC ,Lampu ,10,18,9,180,32
OPMC,4,WOC ,Modem ,10,18,24,180,130
OPMC,4,WOC ,Socket ,308,0,24,0,0
OPMC,4,WOC Depan ,PC/Laptop ,2,65,10,130,26
OPMC,4,WOC Depan ,Kulkas ,1,80,24,80,58
OPMC,4,WOC Depan ,AC 1 PK ,1,840,24,840,605
OPMC,4,WOC Depan ,Lampu ,4,18,9,72,13
OPMC,4,WOC Depan ,Socket ,9,0,24,0,0
OPMC,4,WOC Depan ,Ventilasi,1,0,0,0,0
OPMC,4,Rapat WoC ,Proyektor ,2,130,10,260,52
OPMC,4,Rapat WoC ,AC 2 PK ,1,1800,10,1800,360
OPMC,4,Rapat WoC ,Lampu ,104,18,10,1872,374
OPMC,4,Rapat WoC ,Lampu ,4,18,10,72,14
OPMC,4,Rapat WoC ,Socket ,48,0,24,0,0
OPMC,4,R Manager WOC Blkg,Kulkas ,1,80,24,80,58
OPMC,4,R Manager WOC Blkg,Laptop ,1,65,10,65,13
OPMC,4,R Manager WOC Blkg,Lampu ,8,18,10,144,29
OPMC,4,R Manager WOC Blkg,Lampu ,16,18,10,288,58
OPMC,4,R Manager WOC Blkg,Socket ,14,0,0,0,0
OPMC,4,R Pantry OPMC Blkg,Pemanas Air ,1,300,10,300,60
OPMC,4,R Pantry OPMC Blkg,Kompor Listrik Kecil ,1,800,10,800,160
OPMC,4,R Pantry OPMC Blkg,Dispenser ,1,350,24,350,252
OPMC,4,R Pantry OPMC Blkg,Lampu ,9,18,10,162,32
OPMC,4,R Pantry OPMC Blkg,Kran Air ,1,0,0,0,0
OPMC,4,R Pantry OPMC Blkg,Socket ,6,0,24,0,0
OPMC,4,R Pantry OPMC Blkg,Lampu ,8,18,10,144,29
OPMC,4,R Pantry OPMC Blkg,Kran Air ,10,0,0,0,0
OPMC,4,R Pantry OPMC Blkg,Exhaust ,1,45,10,45,9
OPMC,4,R Pantry OPMC Blkg,Lampu ,9,18,10,162,32
OPMC,4,R Pantry OPMC Blkg,Kran Air ,3,0,0,0,0
OPMC,4,R Pantry OPMC Blkg,Exhaust ,1,45,10,45,9
OPMC,4,R Pantry OPMC Blkg,Socket ,2,0,24,0,0
OPMC,4,R Pantry OPMC Blkg,Emergency Lamp,1,18,0,18,0
OPMC,4,Koridor Witel dan OPMC,Lampu ,6,20,24,120,86
OPMC,4,Koridor Witel dan OPMC,LIFT,0,2000,10,0,0
OPMC,4,Koridor Witel dan OPMC,CCTV ,2,9.6,24,19.2,14
OPMC,4,Koridor Witel dan OPMC,Socket ,0,0,0,0,0
WITEL,5,R Finance ,Printer,1,990,0,990,0
WITEL,5,R Finance ,Printer,1,500,24,500,360
WITEL,5,R Finance ,Printer,1,300,24,300,216
WITEL,5,R Finance ,Printer,1,100,24,100,72
WITEL,5,R Finance ,Penghancur kertas ,2,460,2,920,36.8
WITEL,5,R Finance ,Kulkas ,1,80,24,80,57.6
WITEL,5,R Finance ,Server,1,850,24,850,612
WITEL,5,R Finance ,Monitor,1,10,0,10,0
WITEL,5,R Finance ,Aquarium ,1,30,24,30,21.6
WITEL,5,R Finance ,Dispenser,1,600,10,600,120
WITEL,5,R Finance ,Lampu,17,18,10,,
WITEL,5,Paycall,Printer,1,100,10,100,20
WITEL,5,Paycall,Printer,1,500,10,500,100
WITEL,5,Paycall,Monitor,10,30,2,300,12
WITEL,5,Paycall,PC ,7,200,2,1400,56
WITEL,5,Paycall,Kipas angin ,1,50,2,50,2
WITEL,5,Paycall,Router,8,18,24,144,103.68
WITEL,5,Paycall,Switch ,2,30,24,60,43.2
WITEL,5,Paycall,TV Stand by ,1,216,2,216,8.64
WITEL,5,Paycall,TV Stand by ,1,12,24,12,8.64
WITEL,5,Paycall,Switch ,1,30,24,30,21.6
WITEL,5,Ruang GS,Kipas angin ,1,15,2,15,0.6
WITEL,5,Ruang GS,TV Stand by ,1,125,5,125,12.5
WITEL,5,Ruang GS,TV Stand by ,1,12,24,12,8.64
WITEL,5,Ruang GS,Router,3,18,24,54,38.88
WITEL,5,Ruang GS,Speaker,1,55,24,55,39.6
WITEL,5,Ruang GS,Microphone ,2,15,2,30,1.2
WITEL,5,Ruang GS,Mixer Audio ,1,21,24,21,15.12
WITEL,5,Ruang GS,Switch ,1,30,24,30,21.6
WITEL,5,Ruang GS,Microwave ,1,800,24,800,576
WITEL,5,Ruang GS,Pemanas Air ,1,600,1,600,12
WITEL,5,Ruang GS,Panci Electric ,1,600,1,600,12
WITEL,5,Ruang GS,Kulkas ,1,110,24,110,79.2
WITEL,5,Ruang GS,Socket,6,0,,0,0
WITEL,5,Ruang GS,Socket,32,0,,0,0
WITEL,5,Ruang GS,Socket,2,0,,0,0
WITEL,5,Ruang GS,Socket,2,0,,0,0
WITEL,5,Ruang GS,Socket,86,0,,0,0
WITEL,5,Ruang GS,Socket,1,0,,0,0
WITEL,5,Ruang GS,Socket,1,0,,0,0
WITEL,5,Ruang GS,Socket,2,0,,0,0
WITEL,5,Ruang Evakuasi ,Lampu,2,5,10,10,2
WITEL,5,Ruang Evakuasi ,Lampu,1,6,10,6,1.2
WITEL,5,Ruang AHU ,Lampu,2,8,10,16,3.2
WITEL,5,Pantry ,Lampu,1,20,10,20,4
WITEL,5,Pantry ,Pemanas Air ,1,600,15,600,180
WITEL,5,Pantry ,Exhaust ,1,100,-,100,#VALUE!
WITEL,5,Pantry ,Socket,1,-,-,#VALUE!,#VALUE!
WITEL,5,Koridor ,Lampu,6,20,24,120,57.6
WITEL,5,Koridor ,Lampu,1,18,24,18,8.64
WITEL,5,Koridor ,CCTV,2,"9,6 ",24,#VALUE!,#VALUE!
WITEL,5,Koridor ,Socket,4,,,0,0
WITEL,5,Koridor ,Socket,3,,,0,0
WITEL,5,Toilet Pria,Lampu,2,8,10,16,4.8
WITEL,5,Toilet Pria,Lampu,2,5,10,10,2
WITEL,5,Toilet Pria,Exhaust ,2,20,10,40,8
WITEL,5,Toilet Wanita ,Lampu,1,6,10,6,1.8
WITEL,5,Toilet Wanita ,Lampu,4,8,10,32,9.6
WITEL,5,Toilet Wanita ,Exhaust ,2,20,10,40,8
WITEL,5,Ruang Manager GS ,TV Stand by ,1,312,2,312,12.48
WITEL,5,Ruang Manager GS ,Whiteboard,1,154,2,154,6.16
WITEL,5,Ruang Manager GS ,Proyektor ,1,203,24,203,146.16
WITEL,5,Ruang Manager GS ,Cooler Box ,1,3,-,3,#VALUE!
WITEL,5,Ruang Manager GS ,Air Purifier ,1,27,-,27,#VALUE!
WITEL,5,Ruang Manager GS ,Router,1,2,-,2,#VALUE!
WITEL,5,Ruang Manager GS ,TV Stand by ,1,12,-,12,#VALUE!
WITEL,5,Ruang Manager GS ,Lampu,9,8,10,72,14.4
WITEL,5,Ruang Rapat ,TV Stand by ,1,312,2,312,12.48
WITEL,5,Ruang Rapat ,Lampu,11,8,2,88,3.52
WITEL,5,Ruang Rapat ,Lampu,1,40,2,40,1.6
WITEL,5,Ruang Rapat ,Lampu,8,18,2,144,5.76
WITEL,5,Ruang Rapat ,Router,1,18,24,18,12.96
WITEL,5,Ruang Manager,Kulkas ,1,75,24,75,54
WITEL,5,Ruang Manager,Blender mini ,1,180,15,180,54
WITEL,5,Ruang Manager,TV Stand by ,1,58,2,58,2.32
WITEL,5,Ruang Manager,TV On ,2,24,24,48,34.56
WITEL,5,Ruang Manager,Router,1,18,24,18,12.96
WITEL,5,Ruang Manager,Lampu,12,18,10,216,43.2
WITEL,5,Ruang Istirahat ,Lampu,6,18,10,108,21.6
WITEL,5,Ruang Istirahat ,Socket,2,0,24,0,0
WITEL,5,Ruang Manager Kopegtel,Printer,1,40,24,40,28.8
WITEL,5,Ruang Manager Kopegtel,Pemanas Air ,1,600,15,600,180
WITEL,5,Ruang Manager Kopegtel,Monitor,1,160,24,160,115.2
WITEL,5,Ruang Manager Kopegtel,Lampu,6,18,10,108,21.6
WITEL,5,Ruang Manager Kopegtel,Lampu,1,8,-,8,#VALUE!
WITEL,5,Ruang Manager Kopegtel,Air Purifier ,1,51,10,51,10.2
WITEL,5,Ruang Manager Kopegtel,PC/Laptop ,1,300,10,300,60
WITEL,5,Ruang Manager Kopegtel,Charger HP ,1,28,24,28,20.16
WITEL,5,Ruang Manager Kopegtel,Kipas angin ,1,2,24,2,1.44
WITEL,5,Ruang Manager Kopegtel,Penghancur Kertas ,1,220,2,220,8.8
WITEL,5,Ruang Manager Kopegtel,Router,1,18,24,18,12.96
OPMC,5,Ruang meeting ,AC 2 Split ,1,1524,10,1524,304.8
OPMC,5,Ruang meeting ,AC 1 Split ,1,755,10,755,151
OPMC,5,Ruang meeting ,Router,1,18,24,18,12.96
OPMC,5,Ruang meeting ,Server,1,200,24,200,144
OPMC,5,Ruang meeting ,Whiteboard,1,154,2,154,6.16
OPMC,5,Ruang meeting ,Lampu,12,240,10,2880,576
OPMC,5,Ruang Musholla,Lampu,4,80,10,320,64
OPMC,5,Ruang Musholla,AC 2 Split ,1,1524,10,1524,304.8
OPMC,5,Ruang Musholla,Socket,3,-,-,#VALUE!,#VALUE!
OPMC,5,Ruang Manager ,Lampu,4,18,10,72,14.4
OPMC,5,Ruang Manager ,Socket,1,0,24,0,0
OPMC,5,Ruang Manager 1,#REF!,1,50,2,50,2
OPMC,5,Ruang Manager 2,PC/Laptop ,1,180,10,180,36
OPMC,5,Ruang Manager 3,Lampu,4,18,10,72,14.4
OPMC,5,Ruang Manager 4,Socket,6,-,-,#VALUE!,#VALUE!
OPMC,5,Ruang Manager 2,Lampu,6,18,10,108,21.6
OPMC,5,Ruang Manager 3,Socket,2,0,0,0,0
OPMC,5,Ruang Manager Damam,AC 1 Split ,1,755,10,755,151
OPMC,5,Ruang Manager Damam,Monitor,1,10,-,10,#VALUE!
OPMC,5,Ruang Manager Damam,TV Stand by ,1,62,-,62,#VALUE!
OPMC,5,Ruang Manager Damam,Printer,1,150,10,150,30
OPMC,5,Ruang Manager Damam,Printer,1,500,10,500,100
OPMC,5,Ruang Manager Damam,Printer,1,300,-,300,#VALUE!
OPMC,5,Ruang Manager Damam,PC/Laptop ,3,180,10,540,108
OPMC,5,Ruang Manager Damam,Exhaust ,1,20,10,20,4
OPMC,5,Ruang Manager Damam,Mesin Laminating ,1,620,1,620,12.4
OPMC,5,Ruang Manager Damam,Router,1,18,24,18,12.96
OPMC,5,Ruang Manager Damam,Speaker,1,160,10,160,32
OPMC,5,Ruang Manager Damam,Lampu,16,18,10,,
OPMC,5,Ruang Damam,PC/Laptop ,1,500,10,500,100
OPMC,5,Ruang Damam,Monitor,1,50,10,50,10
OPMC,5,Ruang Damam,Pemanas Air ,1,600,15,600,180
OPMC,5,Ruang Damam,Router,,18,24,0,0
OPMC,5,Ruang Damam,Lampu,28,8,10,224,67.2
OPMC,5,Ruang Damam,Lampu,20,18,10,360,72
OPMC,5,Ruang Damam,AC 2 Split ,2,1524,10,3048,609.6
OPMC,5,Ruang Damam,#REF!,1,20,10,20,4
OPMC,5,Ruang Damam,Pemanas Air ,1,600,15,600,180
OPMC,5,Ruang Damam,Router,1,18,24,18,12.96
OPMC,5,Ruang Damam,Socket,1,-,-,#VALUE!,#VALUE!
OPMC,5,Ruang Damam,Socket,1,-,-,#VALUE!,#VALUE!
OPMC,5,Ruang Damam,Socket,1,-,-,#VALUE!,#VALUE!
OPMC,5,Ruang Damam,Socket,17,-,-,#VALUE!,#VALUE!
OPMC,5,Ruang Pantry ,Pemanas Air ,1,600,15,600,180
OPMC,5,Ruang Pantry ,Kompor Listrik ,1,1000,30,1000,600
OPMC,5,Ruang Pantry ,Exhaust ,1,20,10,20,4
OPMC,5,Ruang Pantry ,Kipas angin ,1,60,10,60,12
OPMC,5,Ruang Pantry ,Lampu,2,18,10,36,7.2
OPMC,5,Ruang Pantry ,Router,1,20,24,20,14.4
OPMC,5,Ruang Pantry ,Socket,1,-,-,#VALUE!,#VALUE!
OPMC,5,Ruang Pantry ,Socket,2,-,-,#VALUE!,#VALUE!
OPMC,5,Ruang Pantry ,Kran Air ,-,-,-,#VALUE!,#VALUE!
OPMC,5,Ruang Pantry ,,-,-,-,#VALUE!,#VALUE!
OPMC,5,Ruang Evakuasi,Exhaust,1,20,10,20,4
OPMC,5,Ruang Evakuasi,Lampu,6,20,24,120,86.4
OPMC,5,Ruang Utama Optima & TA ,Router,1,18,24,18,12.96
OPMC,5,Ruang Utama Optima & TA ,Router,1,18,24,18,12.96
OPMC,5,Ruang Utama Optima & TA ,Server,1,120,24,120,86.4
OPMC,5,Ruang Utama Optima & TA ,Monitor,1,50,10,50,10
OPMC,5,Ruang Utama Optima & TA ,Printer,1,80,24,80,57.6
OPMC,5,Ruang Utama Optima & TA ,Printer,1,264,24,264,190.08
OPMC,5,Ruang Utama Optima & TA ,Printer,1,400,24,400,288
OPMC,5,Ruang Utama Optima & TA ,Printer,1,100,24,100,72
OPMC,5,Ruang Utama Optima & TA ,Monitor,9,80,10,720,144
OPMC,5,Ruang Utama Optima & TA ,PC/Laptop ,11,500,10,5500,1100
OPMC,5,Ruang Utama Optima & TA ,Dispenser,2,400,10,800,160
OPMC,5,Ruang Utama Optima & TA ,AC 2 Split ,2,1524,10,3048,609.6
OPMC,5,Ruang Utama Optima & TA ,AC 1 Split ,2,755,10,1510,302
OPMC,5,Ruang Utama Optima & TA ,Kulkas,1,82,24,82,59.04
OPMC,5,Ruang Utama Optima & TA ,#REF!,1,130,24,130,93.6
OPMC,5,Ruang Utama Optima & TA ,CCTV,1,"9,6 ",24,#VALUE!,#VALUE!
OPMC,5,Ruang Utama Optima & TA ,TV Stand by ,1,151,24,151,108.72
OPMC,5,Ruang Utama Optima & TA ,Printer,1,25,24,25,18
OPMC,5,Ruang Utama Optima & TA ,Printer,1,500,24,500,360
OPMC,5,Ruang Utama Optima & TA ,Penghancur Kertas ,1,220,1,220,4.4
OPMC,5,Ruang Utama Optima & TA ,Lampu,42,18,10,756,151.2
OPMC,5,Ruang Utama Optima & TA ,Socket,48,-,-,#VALUE!,#VALUE!
OPMC,5,Ruang Utama Optima & TA ,Socket,6,-,-,#VALUE!,#VALUE!
OPMC,5,Ruang Utama Optima & TA ,Socket,1,-,-,#VALUE!,#VALUE!
OPMC,5,Ruang Utama Optima & TA ,Socket,1,-,-,#VALUE!,#VALUE!
OPMC,5,Ruang Utama Optima & TA ,Socket,1,-,-,#VALUE!,#VALUE!
WITEL,6,Ruang Lobby ,Lampu ,8,18,24,144,69
WITEL,6,Ruang Lobby ,Lampu ,1,30,24,30,14
WITEL,6,Ruang Lobby ,AC 2 PK ,1,1524,0,1524,0
WITEL,6,Ruang Lobby ,TV Stand by ,1,120,1,120,2
WITEL,6,Ruang Lobby ,Mesin Fingerprint ,1,5,24,5,4
WITEL,6,Ruang Lobby ,Socket,3,-,-,#VALUE!,#VALUE!
WITEL,6,Ruang Lobby ,Socket,6,-,-,#VALUE!,#VALUE!
WITEL,6,Ruang Working Space ,Lampu ,56,18,10,1008,202
WITEL,6,Ruang Working Space ,TV Stand by ,1,120,1,120,2
WITEL,6,Ruang Working Space ,PC/Laptop,9,500,24,4500,"3,240"
WITEL,6,Ruang Working Space ,Running Text ,5,20,24,100,72
WITEL,6,Ruang Working Space ,TV On ,8,150,24,1200,864
WITEL,6,Ruang Working Space ,AC 2 PK ,3,3000,10,9000,"1,800"
WITEL,6,Ruang Working Space ,Socket,200,-,-,#VALUE!,#VALUE!
WITEL,6,Ruang Working Space ,Socket,3,-,-,#VALUE!,#VALUE!
WITEL,6,Ruang Meeting ,TV Stand by ,1,120,24,120,86
WITEL,6,Ruang Meeting ,AC 2 PK ,1,2000,10,2000,400
WITEL,6,Ruang Meeting ,PC/Laptop,1,500,10,500,100
WITEL,6,Ruang Meeting ,Printer ,1,80,10,80,16
WITEL,6,Ruang Meeting ,Penghancur Kertas ,1,220,1,220,4
WITEL,6,Ruang Meeting ,Lampu ,8,18,10,144,29
WITEL,6,Ruang Meeting ,Socket,17,-,-,#VALUE!,#VALUE!
WITEL,6,Ruang Meeting ,Socket,1,-,-,#VALUE!,#VALUE!
WITEL,6,Locker Wanita ,Lampu ,4,8,10,32,6
WITEL,6,Ruang Penyimpanan ,Lampu ,2,18,10,36,7
WITEL,6,Ruang Penyimpanan ,Socket,1,-,-,#VALUE!,#VALUE!
WITEL,6,Ruang Penyimpanan ,Ventilasi ,-,-,-,#VALUE!,#VALUE!
WITEL,6,R Monitor Control ,TV Stand by ,3,120,10,360,72
WITEL,6,R Monitor Control ,Sound System ,1,120,10,120,24
WITEL,6,R Monitor Control ,Lampu ,2,18,10,36,7
WITEL,6,R Monitor Control ,PC/Laptop,1,500,10,500,100
WITEL,6,R Monitor Control ,Switch ,1,72,24,72,52
WITEL,6,R Monitor Control ,Socket,1,-,-,#VALUE!,#VALUE!
WITEL,6,R Monitor Control ,Socket,1,-,-,#VALUE!,#VALUE!
WITEL,6,R Monitor Control ,,-,-,-,#VALUE!,#VALUE!
WITEL,6,Locker Pria ,Lampu ,3,8,10,24,5
WITEL,6,Locker Pria ,TV Stand by ,1,120,10,120,24
WITEL,6,Locker Pria ,Monitor,9,20,10,180,36
WITEL,6,Locker Pria ,Socket,5,0,24,0,0
WITEL,6,Locker Pria ,Socket,2,0,24,0,0
WITEL,6,Locker Pria ,,0,0,0,0,0
WITEL,6,Ruang Server ,AC 2 PK ,2,1524,10,3048,610
WITEL,6,Ruang Server ,Lampu ,1,18,1,18,0
WITEL,6,Ruang Istirahat ,AC 2 PK ,1,1524,10,1524,305
WITEL,6,Ruang Istirahat ,Lampu ,3,18,10,54,11
WITEL,6,Ruang Istirahat ,Socket,4,-,-,#VALUE!,#VALUE!
WITEL,6,Ruang Istirahat ,,-,-,-,#VALUE!,#VALUE!
WITEL,6,Ruang Mushola ,AC 2 PK ,1,1524,10,1524,305
WITEL,6,Ruang Mushola ,Lampu ,4,18,10,72,14
WITEL,6,Ruang Mushola ,Socket,1,-,-,#VALUE!,#VALUE!
WITEL,6,Ruang Mushola ,,-,-,-,#VALUE!,#VALUE!
WITEL,6,Ruang Wudhu ,Lampu ,2,18,10,36,7
WITEL,6,Toilet wanita ,Lampu ,2,18,10,36,11
WITEL,6,Toilet wanita ,Pemanas Air ,1,200,10,200,40
WITEL,6,Toilet wanita ,Kipas Angin ,1,20,10,20,4
WITEL,6,Toilet wanita ,Socket,2,-,-,#VALUE!,#VALUE!
WITEL,6,Toilet wanita ,,-,-,-,#VALUE!,#VALUE!
WITEL,6,Ruang Pantry 2 ,Lampu ,6,18,10,108,22
WITEL,6,Ruang Pantry 3,Lampu ,4,8,1,32,1
WITEL,6,Ruang Pantry 4,Microwave ,1,450,8,450,72
WITEL,6,Ruang Pantry 5,Dispenser ,1,185,24,185,133
WITEL,6,Ruang Pantry 6,DIspenser ,1,385,24,385,277
WITEL,6,Ruang Pantry 7,Kulkas ,1,60,24,60,43
WITEL,6,Ruang Pantry 8,Pemanas Air ,1,800,4,800,64
WITEL,6,Ruang Pantry 9,Socket,6,-,-,#VALUE!,#VALUE!
WITEL,6,Ruang Pantry 10,,-,-,-,#VALUE!,#VALUE!
WITEL,6,Ruang Pantry 11,,-,-,-,#VALUE!,#VALUE!
WITEL,6,Ruang Tunggu,Lampu ,7,18,10,126,25
WITEL,6,Ruang Tunggu,AC 2 PK ,1,2900,1,2900,58
WITEL,6,Ruang Tunggu,Lampu ,2,8,2,16,1
WITEL,6,Ruang Tunggu,TV Stand by ,1,120Â ,10,#VALUE!,#VALUE!
WITEL,6,Ruang Tunggu,Socket,3,-,-,#VALUE!,#VALUE!
WITEL,6,Ruang Tunggu,,-,-,-,#VALUE!,#VALUE!
WITEL,6,Ruang Tunggu,,-,-,-,#VALUE!,#VALUE!
WITEL,6,Ruang Pimpinan,Lampu ,4,18,10,72,14
WITEL,6,Ruang Pimpinan,AC 2 PK ,1,1524,10,1524,305
WITEL,6,Ruang Pimpinan,TV Stand by ,1,120,10,120,24
WITEL,6,Ruang Pimpinan,Kulkas ,1,60,24,60,43
WITEL,6,Ruang Pimpinan,Socket,3,-,-,#VALUE!,#VALUE!
WITEL,6,Ruang Pimpinan,Socket,1,-,-,#VALUE!,#VALUE!
WITEL,6,Ruang Meeting 2 ,Monitor,1,250,5,250,25
WITEL,6,Ruang Meeting 3,Lampu ,10,18,10,180,36
WITEL,6,Ruang Meeting 4,Socket,5,-,-,#VALUE!,#VALUE!
WITEL,6,Ruang Meeting 5,Socket,1,-,-,#VALUE!,#VALUE!
WITEL,6,Ruang Meeting 6,,-,-,-,#VALUE!,#VALUE!
WITEL,6,Ruang Meeting 7,,-,-,-,#VALUE!,#VALUE!
WITEL,6,Lobby ,Lampu ,1,18,1,18,0
WITEL,6,Lobby ,Socket,4,0,24,0,0
WITEL,6,Toilet Pria ,Lampu ,3,18,10,54,11
WITEL,6,Toilet Pria ,Lampu ,4,18,10,72,14
WITEL,6,Toilet Pria ,Kipas Angin ,1,20,10,20,4
WITEL,6,Dapur ,Lampu ,2,18,10,36,7
WITEL,6,Dapur ,Dispenser ,1,400,0,400,0
WITEL,6,DBT Lorong ,Lampu ,10,30,24,300,144
WITEL,6,DBT Lorong ,TV Stand by ,1,120,10,120,24
OPMC,6,R DBT OPMC Mtg 1,TV Stand by ,1,120,10,120,24
OPMC,6,R DBT OPMC Mtg 2,AC 1 PK ,1,755,10,755,151
OPMC,6,R DBT OPMC Mtg 3,Lampu ,2,18,10,36,7
OPMC,6,R DBT OPMC Mtg 4,Lampu ,6,8,10,48,10
OPMC,6,R DBT OPMC Mtg 5,Socket,5,-,-,#VALUE!,#VALUE!
OPMC,6,OPMC Lobby ,Lampu ,2,18,10,36,7
OPMC,6,OPMC Lobby ,Lampu ,4,8,10,32,6
OPMC,6,OPMC Lobby ,TV Stand by ,1,120,10,120,24
OPMC,6,OPMC Lobby ,CCTV ,1,9.6,24,9.6,7
OPMC,6,OPMC Lobby ,Smartlock ,1,60,24,60,43
OPMC,6,OPMC Project 1,AC 2 PK ,1,1524,10,1524,305
OPMC,6,OPMC Project 2,Lampu ,13,18,10,234,47
OPMC,6,OPMC Project 3,TV Stand by ,1,120,0,120,0
OPMC,6,OPMC Project 4,Socket,5,0,24,0,0
OPMC,6,OPMC Meeting 2,AC 2 PK ,1,1524,10,1524,305
OPMC,6,OPMC Meeting 3,TV Stand by ,1,320,5,320,32
OPMC,6,OPMC Meeting 4,Lampu ,4,18,10,72,14
OPMC,6,OPMC Meeting 5,Lampu ,16,8,10,128,26
OPMC,6,OPMC Meeting 6,Socket,5,-,-,#VALUE!,#VALUE!
OPMC,6,OPMC Helpdesk,TV Stand by ,1,320,10,320,64
OPMC,6,OPMC Helpdesk,TV Stand by ,6,120,10,720,144
OPMC,6,OPMC Helpdesk,PC/Laptop,4,500,5,2000,200
OPMC,6,OPMC Helpdesk,Monitor,1,25,24,25,18
OPMC,6,OPMC Helpdesk,Lampu ,1,18,10,18,4
OPMC,6,OPMC Helpdesk,CCTV ,1,9.6,24,9.6,7
OPMC,6,OPMC Helpdesk,AC 2 PK ,1,2530,10,2530,506
OPMC,6,OPMC Helpdesk,Socket,5,0,24,0,0
OPMC,6,OPMC Bigbox,TV Stand by ,1,120,4,120,10
OPMC,6,OPMC Bigbox,Lampu ,4,18,10,72,14
OPMC,6,OPMC Bigbox,AC 2 PK ,1,1170,10,1170,234
OPMC,6,OPMC Bigbox,PC/Laptop,1,500,-,500,#VALUE!
OPMC,6,OPMC Bigbox,Router ,1,18,24,18,13
OPMC,6,OPMC Bigbox,Socket,5,-,-,#VALUE!,#VALUE!
OPMC,6,OPMC Working Space,TV Stand by ,2,120,4,240,19
OPMC,6,OPMC Working Space,Lampu ,6,4,10,24,5
OPMC,6,OPMC Working Space,Speaker ,4,500,24,2000,"1,440"
OPMC,6,OPMC Working Space,AC 2 PK ,5,2530,10,12650,"2,530"
OPMC,6,OPMC Working Space,Camera ,1,2,24,2,1
OPMC,6,OPMC Working Space,Monitor,6,120,5,720,72
OPMC,6,OPMC Working Space,Lampu ,27,18,10,486,97
OPMC,6,OPMC Working Space,Lampu ,5,8,10,40,8
OPMC,6,OPMC Working Space,Lampu ,1,20,10,20,4
OPMC,6,OPMC Working Space,Printer ,1,150,4,150,12
OPMC,6,OPMC Working Space,Keyboard ,1,20,-,20,#VALUE!
OPMC,6,OPMC Working Space,Monitor,1,203,2,203,8
OPMC,6,OPMC Working Space,CCTV ,2,9.6,24,19.2,14
OPMC,6,OPMC Working Space,Dispenser ,1,400,24,400,288
OPMC,6,OPMC Working Space,Socket,72,-,-,#VALUE!,#VALUE!
OPMC,6,OPMC Working Space,Socket,1,-,-,#VALUE!,#VALUE!
OPMC,6,OPMC Working Space,Socket,4,-,-,#VALUE!,#VALUE!
OPMC,6,OPMC Working Space,Socket,1,-,-,#VALUE!,#VALUE!
OPMC,6,OPMC Pantry ,Lampu ,3,8,10,24,5
OPMC,6,OPMC Pantry ,Lampu ,1,8,10,8,2
OPMC,6,OPMC Pantry ,Kulkas ,1,60,24,60,43
OPMC,6,OPMC Pantry ,Pemanas Air ,1,800,4,800,64
OPMC,6,OPMC Pantry ,Microwave ,1,800,4,800,64
OPMC,6,OPMC Pantry ,Dispenser ,1,400,24,400,288
OPMC,6,OPMC Pantry ,Mesin kopi ,1,800,4,800,64
OPMC,6,OPMC Pantry ,Socket,8,-,-,#VALUE!,#VALUE!
OPMC,6,Musholla,AC 1 PK ,1,755,10,755,151
OPMC,6,Musholla,Lampu ,2,18,10,36,7
OPMC,6,Musholla,Socket,1,-,-,#VALUE!,#VALUE!
OPMC,6,Storage ,Lampu ,1,18,10,18,4
OPMC,6,Storage ,Socket,5,-,-,#VALUE!,#VALUE!
OPMC,6,Storage ,Socket,1,-,-,#VALUE!,#VALUE!
OPMC,6,OPMC Project 2,TV Stand by ,4,120,5,480,48
OPMC,6,OPMC Project 3,PC/Laptop,1,500,2,500,20
OPMC,6,OPMC Project 4,AC 1 PK ,1,755,10,755,151
OPMC,6,OPMC Project 5,Air purification ,1,23,2,23,1
OPMC,6,OPMC Project 6,Lampu ,4,18,10,72,14
OPMC,6,OPMC Project 7,Lampu ,4,8,10,32,6
OPMC,6,OPMC Project 8,Socket,7,-,-,#VALUE!,#VALUE!
OPMC,6,OPMC Project 3,TV Stand by ,4,120,4,480,38
OPMC,6,OPMC Project 4,PC/Laptop,6,500,2,3000,120
OPMC,6,OPMC Project 5,AC 1 PK ,1,755,10,755,151
OPMC,6,OPMC Project 6,Lampu ,4,18,10,72,14
OPMC,6,OPMC Project 7,Lampu ,1,18,10,18,4
OPMC,6,OPMC Project 8,Lampu ,4,8,10,32,6
OPMC,6,OPMC Project 9,Socket,7,-,-,#VALUE!,#VALUE!
OPMC,6,OPMC Project 4,TV Stand by ,4,120,4,480,38
OPMC,6,OPMC Project 5,AC 1 PK ,1,755,10,755,151
OPMC,6,OPMC Project 6,Lampu ,4,18,10,72,14
OPMC,6,OPMC Project 7,PC/Laptop,1,500,2,500,20
OPMC,6,OPMC Project 8,Socket,7,-,-,#VALUE!,#VALUE!
OPMC,6,OPMC Istirahat ,Lampu ,6,18,10,108,22
OPMC,6,OPMC Istirahat ,Lampu ,3,8,10,24,5
OPMC,6,OPMC Istirahat ,Dispenser ,1,175,24,175,126
OPMC,6,OPMC Istirahat ,Kulkas ,1,60,24,60,43
OPMC,6,OPMC Istirahat ,Microwave ,1,800,3,800,48
OPMC,6,OPMC Istirahat ,Kompor Listrik ,1,1000,3,1000,60
OPMC,6,OPMC Istirahat ,AC 1 PK ,1,380,10,380,76
OPMC,6,OPMC Istirahat ,Kipas Angin ,1,20,10,20,4
OPMC,6,OPMC Istirahat ,CCTV ,1,9.6,24,9.6,7
OPMC,6,OPerator video wall,AC 1 PK ,1,755,2,755,30
OPMC,6,OPerator video wall,Lampu ,2,18,10,36,7
OPMC,6,OPerator video wall,PC/Laptop,1,500,2,500,20
OPMC,6,OPerator video wall,Microphone ,4,3,10,12,2
OPMC,6,OPerator video wall,Switch ,1,100,10,100,20
OPMC,6,OPerator video wall,Sound System ,1,1200,10,1200,240
OPMC,6,OPerator video wall,Dispenser ,1,400,-,400,#VALUE!
OPMC,6,OPerator video wall,Socket,1,-,-,#VALUE!,#VALUE!
OPMC,6,OPerator video wall,Socket,1,-,-,#VALUE!,#VALUE!
OPMC,6,OPMC Pantry ,Dispenser ,1,400,10,400,80
OPMC,6,OPMC Pantry ,Kulkas ,1,60,24,60,43
OPMC,6,OPMC Pantry ,Air fryer ,1,800,2,800,32
OPMC,6,OPMC Pantry ,Pemanas Air ,1,800,2,800,32
OPMC,6,OPMC Pantry ,Lampu ,2,18,10,36,11
OPMC,6,OPMC Pantry ,Lampu ,1,18,10,18,5
OPMC,6,OPMC Pantry ,Socket,1,-,-,#VALUE!,#VALUE!
OPMC,6,OPMC Pantry ,Socket,2,-,-,#VALUE!,#VALUE!
OPMC,6,OPMC Pantry ,Socket,1,-,-,#VALUE!,#VALUE!
WITEL,7,Toilet Pria ,Lampu ,1,8,10,8,1.6
WITEL,7,Toilet Pria ,Lampu ,3,8,10,24,4.8
WITEL,7,Toilet Pria ,Kipas Angin ,1,40,10,40,8
WITEL,7,Ruang Koridor ,Lampu ,3,8,10,24,4.8
WITEL,7,Ruang Koridor ,Lampu ,4,8,10,32,6.4
WITEL,7,Ruang Koridor ,Socket,3,0,24,0,0
WITEL,7,Ruang Lobby ,Lampu ,3,8,10,24,4.8
WITEL,7,Ruang Lobby ,Lampu ,4,8,10,32,6.4
WITEL,7,Ruang Lobby ,Lampu ,4,8,10,32,6.4
WITEL,7,Ruang Lobby ,CCTV ,1,12,24,12,5.76
WITEL,7,Ruang Lobby ,Papan Led,1,3,10,3,0.6
WITEL,7,Ruang Lobby ,Socket,2,0,24,0,0
WITEL,7,R meeting 1,TV Stand by ,1,120,2,120,4.8
WITEL,7,R meeting 2,Lampu ,5,8,10,40,8
WITEL,7,R meeting 3,Socket,9,0,24,0,0
WITEL,7,R meeting 4,Socket,1,0,24,0,0
WITEL,7,R meeting 5,,0,0,0,0,0
WITEL,7,R Meeting 2,TV Stand by ,1,120,2,120,4.8
WITEL,7,R Meeting 3,Lampu ,4,8,10,32,6.4
WITEL,7,R Meeting 4,Socket,9,0,24,0,0
WITEL,7,R Meeting 5,Socket,1,0,24,0,0
WITEL,7,R Meeting 6,,0,0,0,0,0
WITEL,7,Ruang Meeting 3,Lampu ,3,8,10,24,4.8
WITEL,7,Ruang Meeting 4,Lampu ,6,18,10,108,21.6
WITEL,7,Ruang Meeting 5,Lampu ,4,8,10,32,6.4
WITEL,7,Ruang Meeting 6,Telephone ,1,3.3,24,3.3,1.584
WITEL,7,Ruang Meeting 7,TV Stand by ,1,120,2,120,4.8
WITEL,7,Ruang Meeting 8,Socket,9,-,-,#VALUE!,#VALUE!
WITEL,7,Ruang Meeting 9,Socket,1,-,-,#VALUE!,#VALUE!
WITEL,7,Ruang Meeting 10,,-,-,-,#VALUE!,#VALUE!
WITEL,7,Ruang Meeting 4,Lampu ,3,8,10,24,4.8
WITEL,7,Ruang Meeting 5,Lampu ,6,18,10,108,21.6
WITEL,7,Ruang Meeting 6,Lampu ,4,8,10,32,6.4
WITEL,7,Ruang Meeting 7,Telephone ,1,3.3,24,3.3,1.584
WITEL,7,Ruang Meeting 8,TV Stand by ,1,120,2,120,4.8
WITEL,7,Ruang Meeting 9,Socket,9,-,-,#VALUE!,#VALUE!
WITEL,7,Ruang Meeting 10,Socket,1,-,-,#VALUE!,#VALUE!
WITEL,7,Ruang Meeting 11,,-,-,-,#VALUE!,#VALUE!
WITEL,7,Ruang SL 1,TV Stand by ,1,120,24,120,57.6
WITEL,7,Ruang SL 2,Lampu ,6,18,10,108,21.6
WITEL,7,Ruang SL 3,Lampu ,1,18,10,18,3.6
WITEL,7,Ruang SL 4,Socket,9,0,24,0,0
WITEL,7,Ruang SL 5,Socket,1,0,24,0,0
WITEL,7,Ruang SL 6,,0,0,0,0,0
WITEL,7,Ryang SL 2,TV Stand by ,1,120,24,120,57.6
WITEL,7,Ryang SL 3,Lampu ,4,18,10,72,14.4
WITEL,7,Ryang SL 4,Lampu ,4,18,10,72,14.4
WITEL,7,Ryang SL 5,Socket,9,0,24,0,0
WITEL,7,Ryang SL 6,Socket,1,0,24,0,0
WITEL,7,Ryang SL 7,,0,0,0,0,0
WITEL,7,Ruang SL 3,TV Stand by ,1,120,24,120,57.6
WITEL,7,Ruang SL 4,Lampu ,4,18,10,72,14.4
WITEL,7,Ruang SL 5,Lampu ,6,18,10,108,21.6
WITEL,7,Ruang SL 6,Socket,9,0,24,0,0
WITEL,7,Ruang SL 7,Socket,1,0,24,0,0
WITEL,7,Ruang SL 8,,0,0,0,0,0
WITEL,7,Ruang Nursery ,Lampu ,2,18,10,36,7.2
WITEL,7,Ruang Smoking ,Lampu ,2,18,10,36,7.2
WITEL,7,Ruang Smoking ,Socket,1,-,-,#VALUE!,#VALUE!
WITEL,7,Ruang Working Space ,Lampu ,54,18,10,972,194.4
WITEL,7,Ruang Working Space ,Lampu ,25,18,10,450,90
WITEL,7,Ruang Working Space ,Lampu ,4,8,10,32,6.4
WITEL,7,Ruang Working Space ,Lampu ,5,8,10,40,8
WITEL,7,Ruang Working Space ,Lampu ,4,8,10,32,6.4
WITEL,7,Ruang Working Space ,AC 2 PK ,3,2900,10,8700,1740
WITEL,7,Ruang Working Space ,Lampu ,1,8,10,8,1.6
WITEL,7,Ruang Working Space ,Kulkas ,1,45,24,45,21.6
WITEL,7,Ruang Working Space ,Lampu ,4,8,10,32,6.4
WITEL,7,Ruang Working Space ,Dispenser ,1,350,10,350,70
WITEL,7,Ruang Working Space ,Printer ,2,300,24,600,288
WITEL,7,Ruang Working Space ,Socket,131,-,-,#VALUE!,#VALUE!
WITEL,7,Pantry ,Lampu ,2,8,10,16,3.2
WITEL,7,Pantry ,Lampu ,6,18,10,108,21.6
WITEL,7,Pantry ,Lampu ,6,8,10,48,9.6
WITEL,7,Pantry ,Dispenser ,1,170,10,170,34
WITEL,7,Pantry ,Kulkas ,1,60,24,60,28.8
WITEL,7,Pantry ,Coffee Maker ,1,550,4,550,44
WITEL,7,Pantry ,Microwave ,1,300,24,300,144
WITEL,7,Pantry ,Socket,5,-,-,#VALUE!,#VALUE!
WITEL,7,Toilet wanita ,Lampu ,3,18,10,54,10.8
WITEL,7,Toilet wanita ,Lampu ,1,18,10,18,3.6
WITEL,7,Toilet wanita ,Kipas Angin ,1,40,10,40,8
WITEL,7,Toilet wanita ,Pemanas Air ,1,200,24,200,96
WITEL,7,Toilet wanita ,Socket,1,-,-,#VALUE!,#VALUE!
WITEL,7,R Server ,Lampu ,1,18,2,18,0.72
WITEL,7,R istirahat ,Lampu ,1,18,10,18,3.6
WITEL,7,R istirahat ,Socket,1,0,24,0,0
WITEL,7,Ruang Dapur ,Kipas Angin ,1,35,5,35,3.5
WITEL,7,Ruang Dapur ,Water Heater ,1,800,5,800,80
WITEL,7,Ruang Dapur ,Rice Cooker ,1,400,5,400,40
WITEL,7,Ruang Dapur ,Water Pump ,1,4,24,4,1.92
WITEL,7,Ruang Dapur ,Lampu ,1,18,10,18,3.6
WITEL,7,Ruang Dapur ,Socket,1,0,24,0,0
WITEL,7,Ruang Dapur ,Socket,1,0,24,0,0
WITEL,7,R Lift ,Lampu ,1,18,2,18,0.72
WITEL,7,R Lift ,AC 1 PK ,1,840,2,840,33.6
WITEL,7,Others ,Finger Print ,1,60,24,60,28.8
WITEL,7,Others ,Proyektor ,1,250,24,250,120
WITEL,7,Others ,Sound System ,3,350,10,1050,210
WITEL,7,Others ,Camera ,1,2,24,2,0.96
WITEL,8,Ruang Fitness,AC 2 PK ,1,1524,0,1524,0
WITEL,8,Ruang Fitness,Lampu ,8,8,4,64,5
WITEL,8,Ruang Aula Luar ,Lampu ,18,8,10,144,29
WITEL,8,Ruang Aula Luar ,Lampu ,2,8,10,16,3
WITEL,8,Ruang Aula Luar ,Lampu ,1,8,10,8,2
WITEL,8,Ruang Aula Luar ,Socket,6,1,0,6,0
WITEL,8,Ruang AHU ,Lampu ,1,12,10,12,2
WITEL,8,Toilet Wanita ,Lampu ,4,12,10,48,10
WITEL,8,Toilet Wanita ,Exhaust ,1,45,10,45,9
WITEL,8,Toilet Pria ,Lampu ,3,12,10,36,7
WITEL,8,Toilet Pria ,Lampu ,40,18,10,720,144
WITEL,8,Toilet Pria ,Exhaust ,1,45,10,45,9
WITEL,8,Ruang Pantry ,Lampu ,2,18,0,36,0
WITEL,8,Ruang Pantry ,Socket ,1,1,24,1,1
WITEL,8,Ruang Aula Luar ,Lampu ,52,18,4,936,75
WITEL,8,Ruang Aula Luar ,Lampu ,6,20,4,120,14
WITEL,8,Ruang Aula Luar ,Proyektor ,1,195,4,195,16
WITEL,8,Ruang Aula Luar ,TV Stand by ,1,120,4,120,10
WITEL,8,Ruang Aula Luar ,Sound ,12,2000,4,24000,"1,920"
WITEL,8,Ruang Aula Luar ,Keyboard ,2,0,0,0,0
WITEL,8,Ruang Aula Luar ,Guitar ,1,200,4,200,16
WITEL,8,Ruang Aula Luar ,Mixer ,2,800,4,1600,128
WITEL,8,Ruang Aula Luar ,Modul Mic ,2,3,4,6,0
WITEL,8,Ruang Aula Luar ,Equalizer,2,500,4,1000,80
WITEL,8,Ruang Aula Luar ,Socket,11,-,-,#VALUE!,#VALUE!
WITEL,8,Ruang Aula Luar ,Socket,1,-,-,#VALUE!,#VALUE!
WITEL,8,Ruang Aula Luar ,Socket,13,-,-,#VALUE!,#VALUE!
WITEL,8,Ruang Aula Luar ,Socket,2,-,-,#VALUE!,#VALUE!
WITEL,8,Ruang Evakuasi ,Lampu ,1,18,24,18,13
WITEL,8,Ruang Evakuasi ,Lampu ,1,18,4,18,1
WITEL,8,Koridor ,CCTV ,1,12,24,12,9
WITEL,8,Koridor ,Router ,1,20,24,20,14
WITEL,8,Koridor ,Socket ,2,1,24,2,1
